user_id,FirstName,LastName,email
1,Davon,Pedroni,dpedroni0@shareasale.com
2,Clemmy,Helstrip,chelstrip1@hexun.com
3,Niall,Habbergham,nhabbergham2@woothemes.com
4,Ardyth,Spincks,aspincks3@vkontakte.ru
5,Selle,Lyes,slyes4@bbb.org
6,Caitlin,Twining,ctwining5@amazon.co.jp
7,Sib,Resun,sresun6@reference.com
8,Bryon,Foster-Smith,bfostersmith7@zimbio.com
9,Caty,De Paoli,cdepaoli8@zdnet.com
10,Shayne,Rapp,srapp9@noaa.gov
11,Leicester,Bosson,lbossona@marketwatch.com
12,Karlen,Putnam,kputnamb@dion.ne.jp
13,Caryn,Bain,cbainc@redcross.org
14,Yank,Stonuary,ystonuaryd@youtu.be
15,Francis,Nockalls,fnockallse@google.it
16,Tressa,McArd,tmcardf@who.int
17,Ivory,Rentcome,irentcomeg@fotki.com
18,Ricard,Renachowski,rrenachowskih@hp.com
19,Daffie,Bellenie,dbelleniei@qq.com
20,Amandy,Antley,aantleyj@tamu.edu
21,Selie,Kirk,skirkk@edublogs.org
22,Arlene,Gilardone,agilardonel@yellowbook.com
23,Aila,Litzmann,alitzmannm@ovh.net
24,Howard,Simion,hsimionn@booking.com
25,Theressa,Canepe,tcanepeo@usatoday.com
26,Mimi,Benting,mbentingp@newyorker.com
27,Duke,Shapter,dshapterq@drupal.org
28,Nappie,Lodewick,nlodewickr@topsy.com
29,Garold,Deetlof,gdeetlofs@nps.gov
30,Millie,Fadian,mfadiant@desdev.cn
31,Darrell,Lees,dleesu@chron.com
32,Paxon,Minget,pmingetv@behance.net
33,Doris,Laviste,dlavistew@globo.com
34,Mirabelle,Staries,mstariesx@1688.com
35,Helga,Daen,hdaeny@huffingtonpost.com
36,Ermina,Langsdon,elangsdonz@51.la
37,Maryellen,Hanwell,mhanwell10@yahoo.co.jp
38,Cynthea,Sambals,csambals11@163.com
39,Debbie,Proudlove,dproudlove12@ted.com
40,Roger,Oylett,roylett13@indiegogo.com
41,Paton,Bichard,pbichard14@google.fr
42,Brittne,Wolfe,bwolfe15@scientificamerican.com
43,Jade,Dillingham,jdillingham16@is.gd
44,Piggy,Ciobotaro,pciobotaro17@sciencedaily.com
45,Lindie,Shellard,lshellard18@opensource.org
46,Debee,Ganford,dganford19@ucla.edu
47,Selig,Craik,scraik1a@google.co.uk
48,Georgeta,Lyffe,glyffe1b@eventbrite.com
49,Arlette,Millmoe,amillmoe1c@uol.com.br
50,Keith,Le Quesne,klequesne1d@google.pl
51,Leigh,Scibsey,lscibsey1e@gmpg.org
52,Jennee,Sutch,jsutch1f@google.es
53,Leanor,Labba,llabba1g@wired.com
54,Derril,Cupper,dcupper1h@amazon.com
55,Perry,Bambery,pbambery1i@ft.com
56,Carlene,Dunthorne,cdunthorne1j@cnbc.com
57,Fairlie,Liptrot,fliptrot1k@usnews.com
58,Laird,Attle,lattle1l@ucoz.com
59,Dreddy,Beckley,dbeckley1m@forbes.com
60,Aida,Fabbro,afabbro1n@bloglines.com
61,Blithe,Winckworth,bwinckworth1o@samsung.com
62,Phaedra,Nelsen,pnelsen1p@baidu.com
63,Joann,Hellens,jhellens1q@google.de
64,Emanuele,Blethin,eblethin1r@japanpost.jp
65,Graehme,Tute,gtute1s@bbc.co.uk
66,Peria,Boughtwood,pboughtwood1t@weebly.com
67,Mamie,Gomery,mgomery1u@usatoday.com
68,Zahara,Reignould,zreignould1v@dot.gov
69,Augy,Laffranconi,alaffranconi1w@vistaprint.com
70,Aaren,Alwin,aalwin1x@apple.com
71,Olwen,Stolberger,ostolberger1y@lycos.com
72,Lenka,Witherup,lwitherup1z@zimbio.com
73,Sandy,Airlie,sairlie20@loc.gov
74,Katinka,Sonier,ksonier21@howstuffworks.com
75,Gibbie,Benadette,gbenadette22@liveinternet.ru
76,Haily,Mill,hmill23@example.com
77,Susanna,Stronach,sstronach24@wikia.com
78,Sofie,Hardison,shardison25@china.com.cn
79,Brietta,Brayn,bbrayn26@goodreads.com
80,Nathaniel,Creswell,ncreswell27@patch.com
81,Anny,Ilyinski,ailyinski28@nydailynews.com
82,Rhodie,Tracey,rtracey29@nba.com
83,Conrado,Chill,cchill2a@apache.org
84,Agatha,Tripney,atripney2b@rakuten.co.jp
85,Dorry,Piddlehinton,dpiddlehinton2c@springer.com
86,Tiertza,Nutley,tnutley2d@timesonline.co.uk
87,Brian,Balchin,bbalchin2e@ucsd.edu
88,Hamish,Lempenny,hlempenny2f@miitbeian.gov.cn
89,Donaugh,Sineath,dsineath2g@so-net.ne.jp
90,Katha,Costerd,kcosterd2h@homestead.com
91,Rochelle,Baldinotti,rbaldinotti2i@mtv.com
92,Frederigo,Schall,fschall2j@fema.gov
93,Enrika,Laffranconi,elaffranconi2k@tamu.edu
94,Cristal,Daymond,cdaymond2l@indiegogo.com
95,Robby,Ormshaw,rormshaw2m@ox.ac.uk
96,Roxine,Harrod,rharrod2n@yolasite.com
97,Eloise,Flatt,eflatt2o@wufoo.com
98,Nicola,Schuricke,nschuricke2p@biblegateway.com
99,Clay,Cranfield,ccranfield2q@bloglines.com
100,Boonie,Faithfull,bfaithfull2r@slate.com
101,Hali,Busst,hbusst2s@toplist.cz
102,Viviene,Geeritz,vgeeritz2t@wikia.com
103,Hasheem,Brownsworth,hbrownsworth2u@quantcast.com
104,Zarla,Connock,zconnock2v@lulu.com
105,Kerwinn,Gallifont,kgallifont2w@i2i.jp
106,Rem,Willavoys,rwillavoys2x@economist.com
107,Taffy,Atmore,tatmore2y@google.com.hk
108,Janene,Hindrick,jhindrick2z@paginegialle.it
109,Fred,Ellerey,fellerey30@reddit.com
110,Andra,Gendricke,agendricke31@patch.com
111,Collen,Gorvette,cgorvette32@jigsy.com
112,Clementine,Oager,coager33@friendfeed.com
113,Cort,MacShane,cmacshane34@cdbaby.com
114,Marnia,Laval,mlaval35@xinhuanet.com
115,Pamelina,Cheley,pcheley36@dot.gov
116,Myrlene,Olive,molive37@webnode.com
117,Tynan,Piscopiello,tpiscopiello38@icq.com
118,Davy,Molan,dmolan39@fda.gov
119,Dav,Di Matteo,ddimatteo3a@sina.com.cn
120,Anthe,Sabatini,asabatini3b@quantcast.com
121,Oates,Gooley,ogooley3c@answers.com
122,Carlota,Cumberpatch,ccumberpatch3d@t.co
123,Keir,Quare,kquare3e@ted.com
124,Laney,Krysiak,lkrysiak3f@chicagotribune.com
125,Roxanne,Boards,rboards3g@last.fm
126,Gonzalo,Chittey,gchittey3h@list-manage.com
127,Dinny,Samet,dsamet3i@digg.com
128,King,Martinyuk,kmartinyuk3j@ifeng.com
129,Abba,Boagey,aboagey3k@live.com
130,Karlik,Borell,kborell3l@redcross.org
131,Derwin,Stitcher,dstitcher3m@meetup.com
132,Saidee,House,shouse3n@skyrock.com
133,Even,Pardy,epardy3o@icq.com
134,Adriane,Draper,adraper3p@guardian.co.uk
135,Jon,Boutell,jboutell3q@instagram.com
136,Woodie,Lynn,wlynn3r@networksolutions.com
137,Mariellen,Vasilov,mvasilov3s@jugem.jp
138,Blondy,D'eathe,bdeathe3t@shinystat.com
139,Joey,Letherbury,jletherbury3u@instagram.com
140,Bethina,Ovesen,bovesen3v@cnet.com
141,Celie,Bick,cbick3w@unesco.org
142,Rosalind,Cowdray,rcowdray3x@multiply.com
143,Jervis,Schimek,jschimek3y@naver.com
144,Horst,Magowan,hmagowan3z@wix.com
145,Miller,Landy,mlandy40@purevolume.com
146,Clayborne,Seeborne,cseeborne41@bing.com
147,Keith,Pedder,kpedder42@dell.com
148,Purcell,Duchant,pduchant43@smh.com.au
149,Zebulon,Burdoun,zburdoun44@mozilla.com
150,Amalita,Ellicock,aellicock45@wp.com
151,Tamra,MacLaig,tmaclaig46@slashdot.org
152,Arni,Woolgar,awoolgar47@freewebs.com
153,Jefferey,Kingerby,jkingerby48@printfriendly.com
154,Carley,Fairholm,cfairholm49@webeden.co.uk
155,Chaddy,Maharg,cmaharg4a@linkedin.com
156,Annecorinne,Bernardino,abernardino4b@reuters.com
157,Kailey,De Witt,kdewitt4c@godaddy.com
158,Arlie,Ludlam,aludlam4d@salon.com
159,Lauretta,Brandon,lbrandon4e@meetup.com
160,Nathalia,Sidry,nsidry4f@state.gov
161,Bonnie,Luckings,bluckings4g@harvard.edu
162,Porter,Cason,pcason4h@businessweek.com
163,Emory,Klementz,eklementz4i@vk.com
164,Venita,Pinnock,vpinnock4j@hibu.com
165,Elspeth,Robens,erobens4k@wikia.com
166,Lizabeth,Goch,lgoch4l@goo.ne.jp
167,Fletcher,Dureden,fdureden4m@mapy.cz
168,Frannie,Partrick,fpartrick4n@who.int
169,King,Burndred,kburndred4o@digg.com
170,Herschel,Sherrin,hsherrin4p@plala.or.jp
171,Roxy,West-Frimley,rwestfrimley4q@friendfeed.com
172,Kevyn,Fipp,kfipp4r@theguardian.com
173,Kinna,Dumbleton,kdumbleton4s@wikimedia.org
174,Pennie,Brittan,pbrittan4t@macromedia.com
175,Taddeusz,Littlecote,tlittlecote4u@nasa.gov
176,Abigale,Edson,aedson4v@globo.com
177,Lyn,Ebourne,lebourne4w@blog.com
178,Erl,Yakushkev,eyakushkev4x@ucla.edu
179,Maudie,Coom,mcoom4y@altervista.org
180,Elsy,Ashling,eashling4z@netvibes.com
181,Wainwright,Starkie,wstarkie50@rambler.ru
182,Maighdiln,Booler,mbooler51@toplist.cz
183,Bard,Southcoat,bsouthcoat52@constantcontact.com
184,Ranique,Kreutzer,rkreutzer53@cbslocal.com
185,Thalia,Karpe,tkarpe54@i2i.jp
186,Zarah,Della,zdella55@dell.com
187,Aurelie,Pankhurst.,apankhurst56@time.com
188,Stephen,Scotford,sscotford57@umn.edu
189,Stacey,Kerner,skerner58@de.vu
190,Candide,Gornar,cgornar59@goo.ne.jp
191,Christabel,Phear,cphear5a@goodreads.com
192,Godfry,Iacobacci,giacobacci5b@naver.com
193,Mariellen,Klement,mklement5c@netlog.com
194,Kaylil,Billison,kbillison5d@free.fr
195,Abbey,Powton,apowton5e@mlb.com
196,Charisse,Urquhart,curquhart5f@amazonaws.com
197,Candace,Birdsall,cbirdsall5g@cdbaby.com
198,Gasparo,Reeday,greeday5h@huffingtonpost.com
199,Joellyn,Keppy,jkeppy5i@samsung.com
200,Lelia,Raven,lraven5j@thetimes.co.uk
201,Sheila,Pittem,spittem5k@bandcamp.com
202,Gaylord,Wherton,gwherton5l@angelfire.com
203,Cornelle,Pullen,cpullen5m@auda.org.au
204,Dannie,Izaks,dizaks5n@usgs.gov
205,Rica,Gravet,rgravet5o@apple.com
206,Doralyn,Blasetti,dblasetti5p@myspace.com
207,Pearle,Burdikin,pburdikin5q@cnet.com
208,Corrie,McClary,cmcclary5r@adobe.com
209,Fenelia,Berrycloth,fberrycloth5s@msn.com
210,Davita,Rochester,drochester5t@csmonitor.com
211,Gallagher,Pullan,gpullan5u@sakura.ne.jp
212,Marcellus,Romao,mromao5v@bigcartel.com
213,Chariot,Bineham,cbineham5w@homestead.com
214,Kalie,Splain,ksplain5x@omniture.com
215,Sapphire,Clineck,sclineck5y@ed.gov
216,Bearnard,Ciccotti,bciccotti5z@istockphoto.com
217,Hurley,Moffet,hmoffet60@ca.gov
218,Scotty,Stubs,sstubs61@eventbrite.com
219,Barnebas,Cawthorn,bcawthorn62@shutterfly.com
220,Allyson,Pendrill,apendrill63@sakura.ne.jp
221,Niccolo,Sheepy,nsheepy64@scribd.com
222,Marv,Capsey,mcapsey65@elegantthemes.com
223,Dennet,Sterricker,dsterricker66@reddit.com
224,Stacy,Beteriss,sbeteriss67@de.vu
225,Deirdre,McKennan,dmckennan68@utexas.edu
226,Faydra,Winstanley,fwinstanley69@scribd.com
227,Marlee,Unworth,munworth6a@jigsy.com
228,Yves,Aspital,yaspital6b@hp.com
229,Krishna,Pendrigh,kpendrigh6c@princeton.edu
230,Hermine,Sieb,hsieb6d@hatena.ne.jp
231,Shir,Switland,sswitland6e@hubpages.com
232,Kasey,Doodson,kdoodson6f@princeton.edu
233,Chad,Ffoulkes,cffoulkes6g@pcworld.com
234,Carson,Ahrenius,cahrenius6h@behance.net
235,Sam,Rothwell,srothwell6i@unicef.org
236,Kania,Foulstone,kfoulstone6j@imgur.com
237,Mozes,De Laci,mdelaci6k@tamu.edu
238,Kippie,Entres,kentres6l@hubpages.com
239,Mohandis,Hucquart,mhucquart6m@google.it
240,Aurelie,Bambrough,abambrough6n@scientificamerican.com
241,Haley,Ranald,hranald6o@deliciousdays.com
242,Rosemaria,Bowell,rbowell6p@indiatimes.com
243,Lizbeth,Ohrtmann,lohrtmann6q@hao123.com
244,Stacey,Coales,scoales6r@tripod.com
245,Lidia,Slogrove,lslogrove6s@nydailynews.com
246,Sonnie,Bahia,sbahia6t@bloglovin.com
247,Nerissa,Jackson,njackson6u@a8.net
248,Roch,Brashier,rbrashier6v@ocn.ne.jp
249,Franz,Spelwood,fspelwood6w@xing.com
250,Gardie,Christopherson,gchristopherson6x@ask.com
251,Sasha,Baynam,sbaynam6y@wiley.com
252,Rochester,Ainslie,rainslie6z@sakura.ne.jp
253,Ruprecht,Everly,reverly70@behance.net
254,Zenia,Coggill,zcoggill71@sfgate.com
255,Nathanial,Dilliston,ndilliston72@photobucket.com
256,Lavena,Shildrake,lshildrake73@unblog.fr
257,Nevsa,Elliff,nelliff74@xing.com
258,Ewan,Fishley,efishley75@so-net.ne.jp
259,Madel,Botwood,mbotwood76@house.gov
260,Minnie,Rigbye,mrigbye77@nba.com
261,Edeline,Bonner,ebonner78@dropbox.com
262,Nicol,Lillyman,nlillyman79@senate.gov
263,Ferrel,Boskell,fboskell7a@mac.com
264,Sean,Tweedy,stweedy7b@stumbleupon.com
265,Jasmine,Prevost,jprevost7c@jimdo.com
266,Tedd,Luthwood,tluthwood7d@twitter.com
267,Alexis,McKomb,amckomb7e@amazonaws.com
268,Pier,Anstey,panstey7f@umn.edu
269,Wendy,Vell,wvell7g@shinystat.com
270,Vivianne,Rewbottom,vrewbottom7h@arizona.edu
271,Gwynne,Stiggles,gstiggles7i@prnewswire.com
272,Franz,Grint,fgrint7j@bloglines.com
273,Jacky,Tinklin,jtinklin7k@vinaora.com
274,Lynsey,Bleiman,lbleiman7l@cdc.gov
275,Claudell,Dmisek,cdmisek7m@cnet.com
276,Francklyn,Jentet,fjentet7n@arizona.edu
277,Cherilynn,Garatty,cgaratty7o@surveymonkey.com
278,Muffin,Belasco,mbelasco7p@amazonaws.com
279,Joleen,Ekless,jekless7q@amazon.de
280,Red,Holligan,rholligan7r@com.com
281,Ulrike,Racher,uracher7s@house.gov
282,Dorian,Coultass,dcoultass7t@desdev.cn
283,Linnell,Hassekl,lhassekl7u@google.it
284,Hammad,Clarkin,hclarkin7v@surveymonkey.com
285,Rici,Kneaphsey,rkneaphsey7w@mlb.com
286,Bryn,Klimke,bklimke7x@weather.com
287,Gale,Guiett,gguiett7y@umn.edu
288,Jeth,Leeb,jleeb7z@vinaora.com
289,Calley,Kenforth,ckenforth80@hibu.com
290,Vivienne,Dofty,vdofty81@cafepress.com
291,Erica,Di Francecshi,edifrancecshi82@archive.org
292,Nealon,Brackley,nbrackley83@cafepress.com
293,Alleen,Antyshev,aantyshev84@networksolutions.com
294,Salvidor,Bromfield,sbromfield85@bloglovin.com
295,Billy,Tulley,btulley86@pinterest.com
296,Cristin,Eden,ceden87@photobucket.com
297,Kippy,Lardier,klardier88@topsy.com
298,Netti,Hanratty,nhanratty89@java.com
299,Chancey,Brands,cbrands8a@archive.org
300,Miguelita,Maddin,mmaddin8b@nps.gov
301,Adolphe,Luxen,aluxen8c@cornell.edu
302,Marie-ann,Haggerstone,mhaggerstone8d@cocolog-nifty.com
303,Torrance,Sellner,tsellner8e@whitehouse.gov
304,Sile,Corwin,scorwin8f@list-manage.com
305,Niko,Shedden,nshedden8g@ca.gov
306,Theodore,Wanley,twanley8h@desdev.cn
307,Lincoln,Martello,lmartello8i@instagram.com
308,Corina,Dirand,cdirand8j@cnet.com
309,Mitchell,Bloom,mbloom8k@webmd.com
310,Aubert,Jakaway,ajakaway8l@themeforest.net
311,Mac,Ainley,mainley8m@wikispaces.com
312,Menard,Britner,mbritner8n@networksolutions.com
313,Edythe,Thebeaud,ethebeaud8o@blogtalkradio.com
314,Odell,Tod,otod8p@npr.org
315,Kevan,Beard,kbeard8q@alexa.com
316,Fidela,Oxford,foxford8r@amazonaws.com
317,Wren,Courtier,wcourtier8s@webs.com
318,Wes,Harcase,wharcase8t@prlog.org
319,Milton,Matschoss,mmatschoss8u@cbslocal.com
320,Leonora,Bickerton,lbickerton8v@google.ru
321,Dolores,Purkins,dpurkins8w@alexa.com
322,Karie,Vallance,kvallance8x@digg.com
323,Margot,Craggs,mcraggs8y@foxnews.com
324,Luise,Pressnell,lpressnell8z@illinois.edu
325,Henrie,Marginson,hmarginson90@cdbaby.com
326,Syd,O'Clery,soclery91@e-recht24.de
327,Elysia,Willes,ewilles92@bluehost.com
328,Milissent,Predohl,mpredohl93@dion.ne.jp
329,Regine,Comelli,rcomelli94@nifty.com
330,Reynard,O'Neal,roneal95@mediafire.com
331,Bernice,Evesque,bevesque96@blogs.com
332,Mei,Atkinson,matkinson97@timesonline.co.uk
333,Will,Witts,wwitts98@sohu.com
334,Tome,Butler,tbutler99@buzzfeed.com
335,Myranda,Apdell,mapdell9a@senate.gov
336,Alley,Bickle,abickle9b@sun.com
337,Elita,Francello,efrancello9c@home.pl
338,Rudy,Hintzer,rhintzer9d@china.com.cn
339,Corina,Bridgland,cbridgland9e@gizmodo.com
340,Lacey,Halden,lhalden9f@hexun.com
341,Gerianna,Castagnet,gcastagnet9g@bloglovin.com
342,Burt,Chisnall,bchisnall9h@slate.com
343,Ernesto,Blanckley,eblanckley9i@yandex.ru
344,Binni,Gilhoolie,bgilhoolie9j@phpbb.com
345,Venus,Janos,vjanos9k@shinystat.com
346,Karlyn,Connue,kconnue9l@godaddy.com
347,Marci,Pietzke,mpietzke9m@noaa.gov
348,Tamera,Beernaert,tbeernaert9n@tinyurl.com
349,Winslow,Howsam,whowsam9o@marketwatch.com
350,Patin,Cunio,pcunio9p@biblegateway.com
351,Anabella,Peter,apeter9q@skype.com
352,Loutitia,McMinn,lmcminn9r@mtv.com
353,Waylin,Hassett,whassett9s@nymag.com
354,Alli,Le Marquand,alemarquand9t@about.me
355,Andie,Beneteau,abeneteau9u@google.fr
356,Dew,Hevner,dhevner9v@usnews.com
357,Fredi,Cuddy,fcuddy9w@craigslist.org
358,Abba,Dukelow,adukelow9x@tmall.com
359,Anallise,Hubane,ahubane9y@ovh.net
360,Tara,Colwell,tcolwell9z@dyndns.org
361,Glenine,Gallaccio,ggallaccioa0@prweb.com
362,Asia,Yokel,ayokela1@about.com
363,Glyn,Howsley,ghowsleya2@sakura.ne.jp
364,Celesta,Winterson,cwintersona3@posterous.com
365,Dalli,Dalligan,ddalligana4@arizona.edu
366,Fannie,Pagen,fpagena5@cargocollective.com
367,Tobey,Schulz,tschulza6@latimes.com
368,Ahmed,Wollers,awollersa7@examiner.com
369,Georgena,Newens,gnewensa8@hibu.com
370,Lena,Culwen,lculwena9@google.de
371,Bibbye,Cooch,bcoochaa@facebook.com
372,Angeli,Fosberry,afosberryab@instagram.com
373,Emilia,McLurg,emclurgac@tinypic.com
374,Louise,Joist,ljoistad@yolasite.com
375,Joan,Kilford,jkilfordae@drupal.org
376,Valenka,Mattiassi,vmattiassiaf@wufoo.com
377,Leanor,Benting,lbentingag@example.com
378,Fawn,Roller,frollerah@umn.edu
379,Patrizio,MacFadzan,pmacfadzanai@marriott.com
380,Rourke,Prudence,rprudenceaj@alexa.com
381,Brianne,Thomlinson,bthomlinsonak@census.gov
382,Corliss,Cleall,ccleallal@woothemes.com
383,Stace,Cranke,scrankeam@list-manage.com
384,Mignon,Whitehorne,mwhitehornean@bizjournals.com
385,Gena,Lanaway,glanawayao@google.co.jp
386,Roosevelt,Speechley,rspeechleyap@va.gov
387,Kat,Ringe,kringeaq@booking.com
388,Germaine,Jakubczyk,gjakubczykar@tinyurl.com
389,Willetta,Leahair,wleahairas@yolasite.com
390,Fabe,Kenzie,fkenzieat@vistaprint.com
391,Dexter,Filppetti,dfilppettiau@state.gov
392,Rhett,McNally,rmcnallyav@digg.com
393,Rochelle,Kinig,rkinigaw@list-manage.com
394,Selie,Bisco,sbiscoax@stanford.edu
395,Ninnette,McMurdo,nmcmurdoay@nydailynews.com
396,Floris,Dunlop,fdunlopaz@nifty.com
397,Sybyl,Dawks,sdawksb0@newsvine.com
398,Cornela,O'Coskerry,cocoskerryb1@icio.us
399,Trev,Knowlson,tknowlsonb2@sciencedirect.com
400,Eric,Di Frisco,edifriscob3@ehow.com
401,Debera,MacGaughy,dmacgaughyb4@devhub.com
402,Thomasine,McEwan,tmcewanb5@163.com
403,Ryann,Hardie,rhardieb6@hhs.gov
404,Isabeau,Paddington,ipaddingtonb7@bizjournals.com
405,Maddie,Bastie,mbastieb8@archive.org
406,Olivette,Kirwin,okirwinb9@baidu.com
407,Luca,Goulder,lgoulderba@uiuc.edu
408,Danny,Peealess,dpeealessbb@umn.edu
409,Hinze,Guite,hguitebc@va.gov
410,Iggy,Baldetti,ibaldettibd@google.co.uk
411,Lissa,Mehaffey,lmehaffeybe@cargocollective.com
412,Saraann,Curwen,scurwenbf@theguardian.com
413,Bancroft,Correa,bcorreabg@state.tx.us
414,Simone,Bullivent,sbulliventbh@lulu.com
415,Giustina,Velti,gveltibi@soup.io
416,Hiram,Ternent,hternentbj@wisc.edu
417,Archibald,Jaram,ajarambk@de.vu
418,Anthea,Stonehewer,astonehewerbl@ucoz.ru
419,Dawna,Shirley,dshirleybm@t.co
420,Kerri,Veel,kveelbn@pen.io
421,Ade,Tomkins,atomkinsbo@hc360.com
422,Reeta,Laurenty,rlaurentybp@diigo.com
423,Leda,Allgood,lallgoodbq@arstechnica.com
424,Arluene,Jeskin,ajeskinbr@yandex.ru
425,Klement,Etchells,ketchellsbs@tripadvisor.com
426,Major,Bergstrand,mbergstrandbt@wordpress.com
427,Odelinda,Bend,obendbu@ted.com
428,Hedwig,Doers,hdoersbv@fema.gov
429,Kalila,Meakes,kmeakesbw@bing.com
430,Amerigo,Scamadine,ascamadinebx@sun.com
431,Michaelina,Franey,mfraneyby@macromedia.com
432,Porty,Hanwell,phanwellbz@va.gov
433,Harald,Dufaur,hdufaurc0@eventbrite.com
434,Gordie,Felten,gfeltenc1@goo.ne.jp
435,Rozelle,Hardan,rhardanc2@hp.com
436,Junia,Wind,jwindc3@biglobe.ne.jp
437,Corabella,Birtonshaw,cbirtonshawc4@businesswire.com
438,Vittoria,Grassin,vgrassinc5@narod.ru
439,Veronica,Prayer,vprayerc6@twitter.com
440,Ann-marie,Crittal,acrittalc7@narod.ru
441,Aubine,Chace,achacec8@tinypic.com
442,Tabina,Yegorkov,tyegorkovc9@ehow.com
443,Gusta,Helmke,ghelmkeca@rediff.com
444,Carey,Rehor,crehorcb@blogger.com
445,Germana,Synnot,gsynnotcc@globo.com
446,Brittany,Foukx,bfoukxcd@google.de
447,Oralla,Woolens,owoolensce@t.co
448,Mariejeanne,Wolfit,mwolfitcf@mayoclinic.com
449,Creigh,Jellyman,cjellymancg@usda.gov
450,Alika,Dungay,adungaych@npr.org
451,Katleen,Flann,kflannci@friendfeed.com
452,Opalina,Waddington,owaddingtoncj@npr.org
453,Alexio,Martinets,amartinetsck@zimbio.com
454,Rebe,De Pietri,rdepietricl@ucsd.edu
455,Kimberlee,Doran,kdorancm@blog.com
456,Llywellyn,Rudinger,lrudingercn@360.cn
457,Renell,Treadgear,rtreadgearco@nature.com
458,Leonelle,Myrie,lmyriecp@github.com
459,Kary,Heape,kheapecq@tmall.com
460,Biddy,Undrill,bundrillcr@ameblo.jp
461,Heall,Franzetti,hfranzettics@theatlantic.com
462,Kakalina,Crambie,kcrambiect@fastcompany.com
463,Herve,Luckcock,hluckcockcu@wikia.com
464,Torry,Julyan,tjulyancv@de.vu
465,Cindi,Feast,cfeastcw@ca.gov
466,Ludovika,Waskett,lwaskettcx@bizjournals.com
467,Megen,Scotchforth,mscotchforthcy@alexa.com
468,Bibbye,Corry,bcorrycz@w3.org
469,Shaun,Rayhill,srayhilld0@nih.gov
470,Quillan,Poulton,qpoultond1@ezinearticles.com
471,Bessie,Way,bwayd2@cargocollective.com
472,Hodge,Peatheyjohns,hpeatheyjohnsd3@techcrunch.com
473,Taryn,Vizard,tvizardd4@weebly.com
474,Pail,Rannie,prannied5@spotify.com
475,Rene,Tennick,rtennickd6@umich.edu
476,Delphinia,Rickersy,drickersyd7@qq.com
477,Bent,Gillfillan,bgillfilland8@wikia.com
478,Beilul,Stairmand,bstairmandd9@parallels.com
479,Junie,Barden,jbardenda@booking.com
480,Irvine,Paraman,iparamandb@bloglovin.com
481,Briana,Abramski,babramskidc@harvard.edu
482,Portia,Hutable,phutabledd@furl.net
483,Donny,Markovich,dmarkovichde@goo.ne.jp
484,Kevan,Stutter,kstutterdf@china.com.cn
485,Ursala,Texton,utextondg@wp.com
486,Ami,O'Kinedy,aokinedydh@newyorker.com
487,Liv,Dash,ldashdi@arstechnica.com
488,Baxy,Cogley,bcogleydj@plala.or.jp
489,Vale,Llewelyn,vllewelyndk@youtu.be
490,Royce,Esslemont,resslemontdl@360.cn
491,Jenelle,Heardman,jheardmandm@hugedomains.com
492,Mathian,Edmonds,medmondsdn@fema.gov
493,Ara,Wensley,awensleydo@cornell.edu
494,Alexina,Rizzillo,arizzillodp@mac.com
495,Aubine,Perone,aperonedq@cloudflare.com
496,Caroline,Arnald,carnalddr@ftc.gov
497,Cecily,Vanyatin,cvanyatinds@purevolume.com
498,Tabbatha,Fancett,tfancettdt@rambler.ru
499,Abbott,Teresi,ateresidu@linkedin.com
500,Murry,Klementz,mklementzdv@virginia.edu
501,Mona,Astill,mastilldw@adobe.com
502,Michell,Awcoate,mawcoatedx@about.me
503,Frans,O'Cleary,foclearydy@sciencedaily.com
504,Jerrome,Mulran,jmulrandz@biglobe.ne.jp
505,Sibby,Gimson,sgimsone0@shop-pro.jp
506,Vladamir,Renals,vrenalse1@skyrock.com
507,Cherianne,Ring,cringe2@cnet.com
508,Karlene,Lucian,kluciane3@bravesites.com
509,Babara,Hacksby,bhacksbye4@theguardian.com
510,Sheba,Drysdale,sdrysdalee5@moonfruit.com
511,Wilfred,Bremmell,wbremmelle6@opera.com
512,Peggy,Casey,pcaseye7@deviantart.com
513,Yolanthe,Gerrish,ygerrishe8@spiegel.de
514,Alfy,Laroux,alarouxe9@constantcontact.com
515,Cesaro,Janiszewski,cjaniszewskiea@berkeley.edu
516,Vevay,Dutch,vdutcheb@mail.ru
517,Latrina,Ind,lindec@tinypic.com
518,Agosto,Gaffey,agaffeyed@t-online.de
519,Giacinta,Cinderey,gcindereyee@wisc.edu
520,Ofella,Iacomelli,oiacomellief@com.com
521,Allayne,Collings,acollingseg@redcross.org
522,Alyosha,Mary,amaryeh@ning.com
523,Dorita,Macci,dmacciei@msn.com
524,Melody,Cavell,mcavellej@pcworld.com
525,Bobbie,Kensit,bkensitek@kickstarter.com
526,Lusa,Tomala,ltomalael@ox.ac.uk
527,Calley,Portugal,cportugalem@newsvine.com
528,Kenny,Dincey,kdinceyen@phoca.cz
529,Bev,MacHostie,bmachostieeo@ftc.gov
530,Kissie,Hug,khugep@buzzfeed.com
531,Bruce,Trippitt,btrippitteq@aboutads.info
532,Kendell,Bearfoot,kbearfooter@etsy.com
533,Gwenore,Hagan,ghaganes@blog.com
534,Yuma,Blizard,yblizardet@oaic.gov.au
535,Weider,Lissandri,wlissandrieu@cloudflare.com
536,Oralia,Weeks,oweeksev@angelfire.com
537,Cammie,Antonsson,cantonssonew@apache.org
538,Ilise,Hemmingway,ihemmingwayex@about.com
539,Davita,Amberson,dambersoney@cdbaby.com
540,Karla,Scamerden,kscamerdenez@jigsy.com
541,Annabell,Vautrey,avautreyf0@bbc.co.uk
542,Orson,Kewley,okewleyf1@abc.net.au
543,Shem,Glowacz,sglowaczf2@house.gov
544,Glen,Snellman,gsnellmanf3@umich.edu
545,Benoite,Rogerson,brogersonf4@bloglovin.com
546,Conant,Jephcote,cjephcotef5@newyorker.com
547,Franz,Petrillo,fpetrillof6@upenn.edu
548,Sam,Driver,sdriverf7@wix.com
549,Demetris,Gregine,dgreginef8@mediafire.com
550,Chrysa,Calvard,ccalvardf9@bluehost.com
551,Leoine,Jentin,ljentinfa@mysql.com
552,Duky,Marin,dmarinfb@imgur.com
553,Loretta,Diggell,ldiggellfc@globo.com
554,Kaila,Kezor,kkezorfd@si.edu
555,Dunstan,Windmill,dwindmillfe@digg.com
556,Kaylee,Denty,kdentyff@behance.net
557,Baudoin,Shurey,bshureyfg@webeden.co.uk
558,Rani,Allcroft,rallcroftfh@youtu.be
559,Trescha,Chapple,tchapplefi@mlb.com
560,Leontyne,Hembling,lhemblingfj@hostgator.com
561,Garrott,Stather,gstatherfk@whitehouse.gov
562,Beatrice,Simenot,bsimenotfl@sohu.com
563,Ignace,Dunne,idunnefm@time.com
564,Addie,Balm,abalmfn@cmu.edu
565,Agretha,Clendinning,aclendinningfo@ox.ac.uk
566,Judah,Bartlosz,jbartloszfp@nih.gov
567,Broddie,Fone,bfonefq@icq.com
568,Annissa,Packham,apackhamfr@weibo.com
569,Kamila,Follitt,kfollittfs@economist.com
570,Kiley,Arnold,karnoldft@naver.com
571,Fanchette,McMahon,fmcmahonfu@walmart.com
572,Shaina,Brecon,sbreconfv@uol.com.br
573,Ingrim,Vasyutin,ivasyutinfw@va.gov
574,Tynan,Longfut,tlongfutfx@washingtonpost.com
575,Ginger,Chat,gchatfy@digg.com
576,Sol,Arnli,sarnlifz@nydailynews.com
577,Tallia,Naldrett,tnaldrettg0@livejournal.com
578,Haydon,Spary,hsparyg1@ocn.ne.jp
579,Rebbecca,Cahey,rcaheyg2@ifeng.com
580,Norri,Cowill,ncowillg3@list-manage.com
581,Kerry,Van Driel,kvandrielg4@ow.ly
582,Hillie,Crevagh,hcrevaghg5@flavors.me
583,Hans,Prin,hpring6@ezinearticles.com
584,Gar,Fortie,gfortieg7@clickbank.net
585,Vincenty,De Pero,vdeperog8@springer.com
586,Maggy,Tickle,mtickleg9@fda.gov
587,Janeen,Haldene,jhaldenega@1688.com
588,Nickolai,Bootell,nbootellgb@live.com
589,Theodoric,Gittoes,tgittoesgc@ameblo.jp
590,Carny,Izakoff,cizakoffgd@bing.com
591,Odette,Prydie,oprydiege@ted.com
592,Simone,Dummigan,sdummigangf@mtv.com
593,Marla,Liquorish,mliquorishgg@sogou.com
594,Kirsti,Haseman,khasemangh@clickbank.net
595,Virgie,Castellucci,vcastelluccigi@marriott.com
596,Zelma,Byrnes,zbyrnesgj@ed.gov
597,Julianna,Houlison,jhoulisongk@europa.eu
598,Quinn,Luetchford,qluetchfordgl@xing.com
599,Kurtis,Barczynski,kbarczynskigm@fotki.com
600,Hershel,O'Garmen,hogarmengn@github.io
601,Blithe,Mushawe,bmushawego@posterous.com
602,Mycah,Remer,mremergp@i2i.jp
603,Ardath,Dellenbroker,adellenbrokergq@columbia.edu
604,Maisie,Vautier,mvautiergr@godaddy.com
605,Albie,Grinstead,agrinsteadgs@wikipedia.org
606,Harmonia,Gabel,hgabelgt@angelfire.com
607,Ulick,Lighton,ulightongu@wikia.com
608,Mercie,Stoile,mstoilegv@i2i.jp
609,Cordelia,Boughton,cboughtongw@usnews.com
610,Christabel,Cardoso,ccardosogx@ifeng.com
611,Cyndi,Troutbeck,ctroutbeckgy@vistaprint.com
612,Ceciley,Karolczyk,ckarolczykgz@yandex.ru
613,Noami,Sommerscales,nsommerscalesh0@cisco.com
614,Blondie,Sinnatt,bsinnatth1@imdb.com
615,Phil,Vitte,pvitteh2@infoseek.co.jp
616,Saul,Bleakley,sbleakleyh3@yelp.com
617,Maighdiln,Salasar,msalasarh4@tinypic.com
618,Braden,Paragreen,bparagreenh5@springer.com
619,Janith,Thurber,jthurberh6@techcrunch.com
620,Brodie,Gregoli,bgregolih7@uol.com.br
621,Nevin,Huggon,nhuggonh8@boston.com
622,Lorilyn,Whale,lwhaleh9@cornell.edu
623,Matthieu,Oda,modaha@about.me
624,Lancelot,Mynott,lmynotthb@pbs.org
625,Gayle,Czajka,gczajkahc@hud.gov
626,Bertie,Skuse,bskusehd@tamu.edu
627,Maxie,Bulward,mbulwardhe@so-net.ne.jp
628,Ulrica,Girardey,ugirardeyhf@wisc.edu
629,Ofilia,Klich,oklichhg@unblog.fr
630,Cirstoforo,Abry,cabryhh@slideshare.net
631,Stillmann,Tollemache,stollemachehi@walmart.com
632,Hetti,Foakes,hfoakeshj@ucla.edu
633,Rachel,Hatton,rhattonhk@sbwire.com
634,Ben,Dregan,bdreganhl@desdev.cn
635,Margi,Kiddy,mkiddyhm@nbcnews.com
636,Vail,Wrangle,vwranglehn@gmpg.org
637,Krystalle,Philler,kphillerho@sogou.com
638,Abby,Duggan,adugganhp@thetimes.co.uk
639,Tamma,Stoving,tstovinghq@shutterfly.com
640,Madelina,Heather,mheatherhr@networksolutions.com
641,Nariko,Scallon,nscallonhs@prnewswire.com
642,Tobit,Taggart,ttaggartht@booking.com
643,King,Dykins,kdykinshu@google.it
644,Bengt,Leamon,bleamonhv@skype.com
645,Amanda,Kirkbright,akirkbrighthw@umn.edu
646,Celesta,Gatehouse,cgatehousehx@w3.org
647,Georgianna,Wathen,gwathenhy@sohu.com
648,Milli,O'Dare,modarehz@nih.gov
649,Nonah,Swadlinge,nswadlingei0@ucoz.ru
650,Vera,Leaney,vleaneyi1@cafepress.com
651,Bald,Kinder,bkinderi2@mediafire.com
652,Vilma,Backshill,vbackshilli3@biblegateway.com
653,Brook,Bremeyer,bbremeyeri4@tinypic.com
654,Leonelle,Buckerfield,lbuckerfieldi5@berkeley.edu
655,Garald,Aspel,gaspeli6@cdbaby.com
656,Esta,De Caroli,edecarolii7@lycos.com
657,Demetre,McCarl,dmccarli8@blogs.com
658,Garrard,Suddaby,gsuddabyi9@1und1.de
659,Hamlin,Arnaudot,harnaudotia@nationalgeographic.com
660,Kati,Chitham,kchithamib@hao123.com
661,Joscelin,Crowson,jcrowsonic@aboutads.info
662,Vitia,Eykelbosch,veykelboschid@miibeian.gov.cn
663,Akim,Babin,ababinie@lycos.com
664,Donn,Allitt,dallittif@webs.com
665,Carin,Sabberton,csabbertonig@gravatar.com
666,Orion,Pearn,opearnih@nytimes.com
667,Royce,Fairhead,rfairheadii@issuu.com
668,Rosalind,Ricardou,rricardouij@desdev.cn
669,Calhoun,Braunfeld,cbraunfeldik@tmall.com
670,Jaymee,Nowakowski,jnowakowskiil@hao123.com
671,Eduardo,Egleton,eegletonim@shinystat.com
672,Corry,Dyball,cdyballin@hexun.com
673,Kristina,Ely,kelyio@phoca.cz
674,Mellicent,Scottini,mscottiniip@1und1.de
675,Temp,Djurisic,tdjurisiciq@ning.com
676,Allianora,Norcliff,anorcliffir@skyrock.com
677,Martie,Scrafton,mscraftonis@networkadvertising.org
678,Thornton,Jimenez,tjimenezit@pcworld.com
679,Adella,Aves,aavesiu@stanford.edu
680,Selia,Dunkley,sdunkleyiv@behance.net
681,Sig,Brusin,sbrusiniw@posterous.com
682,Phaidra,Symones,psymonesix@cnbc.com
683,Benedict,Le Teve,bleteveiy@microsoft.com
684,Lisha,Vasilchikov,lvasilchikoviz@woothemes.com
685,Kiersten,Callf,kcallfj0@craigslist.org
686,Clyde,Churn,cchurnj1@wufoo.com
687,Jeanette,Coughan,jcoughanj2@si.edu
688,Ari,Buxcey,abuxceyj3@nydailynews.com
689,Padraig,Le Page,plepagej4@marriott.com
690,Lurlene,Bye,lbyej5@auda.org.au
691,Shurwood,Castagnet,scastagnetj6@latimes.com
692,Hannis,Baron,hbaronj7@scientificamerican.com
693,Gray,Fatkin,gfatkinj8@ebay.co.uk
694,Adeline,Duchenne,aduchennej9@nifty.com
695,Ginger,Headingham,gheadinghamja@delicious.com
696,Therine,Jorczyk,tjorczykjb@disqus.com
697,Gualterio,Ramplee,grampleejc@odnoklassniki.ru
698,Therese,Morales,tmoralesjd@epa.gov
699,Evaleen,Heeron,eheeronje@simplemachines.org
700,Karlik,Davsley,kdavsleyjf@pbs.org
701,Myrtice,Parkeson,mparkesonjg@cocolog-nifty.com
702,Abbi,Arens,aarensjh@disqus.com
703,Stanislaw,Lawrenson,slawrensonji@oracle.com
704,Leigh,Maunder,lmaunderjj@e-recht24.de
705,Carce,Gaiger,cgaigerjk@g.co
706,Dre,Di Domenico,ddidomenicojl@stumbleupon.com
707,Lindy,McInerney,lmcinerneyjm@upenn.edu
708,Fionnula,Elster,felsterjn@arizona.edu
709,Micky,Stathor,mstathorjo@simplemachines.org
710,Hattie,Grossman,hgrossmanjp@sitemeter.com
711,Jewel,Duddin,jduddinjq@people.com.cn
712,Charyl,Landman,clandmanjr@yellowpages.com
713,Ferrell,Sutcliffe,fsutcliffejs@nytimes.com
714,Zola,Cammoile,zcammoilejt@newyorker.com
715,Ezri,Fain,efainju@pinterest.com
716,Rock,Royl,rroyljv@acquirethisname.com
717,Sinclair,Sellan,ssellanjw@who.int
718,Crystal,Cator,ccatorjx@engadget.com
719,El,Osgar,eosgarjy@multiply.com
720,Hillard,Linwood,hlinwoodjz@bloglovin.com
721,Tadio,Featherstone,tfeatherstonek0@phoca.cz
722,Paolina,Bessell,pbessellk1@storify.com
723,Rouvin,Rodway,rrodwayk2@bluehost.com
724,Dew,Seviour,dseviourk3@bloomberg.com
725,Holli,Skein,hskeink4@moonfruit.com
726,Sergeant,Bagger,sbaggerk5@skype.com
727,Ulrica,Georgiev,ugeorgievk6@dagondesign.com
728,Berne,Batchley,bbatchleyk7@nhs.uk
729,Cornie,Olland,collandk8@slate.com
730,Nance,Cella,ncellak9@mozilla.com
731,Hermina,Villa,hvillaka@gizmodo.com
732,Alyssa,Mesant,amesantkb@amazon.com
733,Jody,Marmion,jmarmionkc@usa.gov
734,Tiphanie,McGowing,tmcgowingkd@360.cn
735,Sheff,Sallowaye,ssallowayeke@icio.us
736,Dorie,Bogeys,dbogeyskf@1688.com
737,Kirstyn,De Ortega,kdeortegakg@flavors.me
738,Benson,Theml,bthemlkh@fema.gov
739,Isabelle,Targett,itargettki@jiathis.com
740,Kenon,Zylberdik,kzylberdikkj@bbc.co.uk
741,Rayna,Gaskins,rgaskinskk@csmonitor.com
742,Dorella,Lindenstrauss,dlindenstrausskl@msn.com
743,Terza,Grishelyov,tgrishelyovkm@blinklist.com
744,Lynett,Laible,llaiblekn@bluehost.com
745,Constantina,Membry,cmembryko@weather.com
746,Tomasina,Gyves,tgyveskp@ebay.co.uk
747,Dolorita,Camerati,dcameratikq@noaa.gov
748,Myrwyn,McGloughlin,mmcgloughlinkr@g.co
749,Louella,Blethyn,lblethynks@samsung.com
750,Martin,Tibald,mtibaldkt@oaic.gov.au
751,Lyndel,Primo,lprimoku@topsy.com
752,Gabriel,Staggs,gstaggskv@ibm.com
753,Xaviera,Almon,xalmonkw@chronoengine.com
754,Tallia,Dominico,tdominicokx@youku.com
755,Rurik,Davidove,rdavidoveky@usatoday.com
756,Maje,Geare,mgearekz@un.org
757,Hort,Emsden,hemsdenl0@nps.gov
758,Linn,Huison,lhuisonl1@jigsy.com
759,Corty,Warmington,cwarmingtonl2@yellowpages.com
760,Jackie,Iorns,jiornsl3@ow.ly
761,Zorina,Cradock,zcradockl4@go.com
762,Durante,Cicchetto,dcicchettol5@uiuc.edu
763,Van,Houndsom,vhoundsoml6@soup.io
764,Arman,Ragless,araglessl7@altervista.org
765,Buddy,Grishenkov,bgrishenkovl8@cornell.edu
766,Maia,Gouch,mgouchl9@techcrunch.com
767,Dario,Habeshaw,dhabeshawla@usatoday.com
768,Alvan,Torrans,atorranslb@reference.com
769,Clem,Russo,crussolc@cnbc.com
770,Barrie,Bithell,bbithellld@dailymail.co.uk
771,Joannes,Gircke,jgirckele@dyndns.org
772,Lind,Ninnotti,lninnottilf@google.nl
773,Gard,Crucitti,gcrucittilg@cornell.edu
774,Sallyanne,Cottage,scottagelh@utexas.edu
775,Gusti,Oates,goatesli@istockphoto.com
776,Madelin,O'Hagirtie,mohagirtielj@arstechnica.com
777,Reinold,Cavendish,rcavendishlk@odnoklassniki.ru
778,Nancy,Caudray,ncaudrayll@trellian.com
779,Marcelle,Blannin,mblanninlm@baidu.com
780,Hyacinth,Vivians,hviviansln@msu.edu
781,Lorenza,Philippault,lphilippaultlo@mtv.com
782,Chantal,Whysall,cwhysalllp@netscape.com
783,Doroteya,Paterson,dpatersonlq@barnesandnoble.com
784,Jefferey,Noweak,jnoweaklr@jiathis.com
785,Hirsch,Wharton,hwhartonls@constantcontact.com
786,Meryl,Sprakes,msprakeslt@lycos.com
787,Davidde,Sclater,dsclaterlu@webeden.co.uk
788,Devonna,Giovannacc@i,dgiovannaccilv@bloglines.com
789,Peta,Janicek,pjaniceklw@yandex.ru
790,Thorin,Rodenburgh,trodenburghlx@aboutads.info
791,Julian,Pleavin,jpleavinly@sina.com.cn
792,Celestina,Dorin,cdorinlz@i2i.jp
793,Carine,Fletham,cflethamm0@webs.com
794,Lishe,Gaskins,lgaskinsm1@comcast.net
795,Addie,Bitcheno,abitchenom2@nymag.com
796,Levy,Rotge,lrotgem3@dagondesign.com
797,Orbadiah,Blackey,oblackeym4@mashable.com
798,Shantee,Bleasdale,sbleasdalem5@mozilla.org
799,Garvy,Ranger,grangerm6@ebay.co.uk
800,Virginie,Willeson,vwillesonm7@wired.com
801,Archaimbaud,Manners,amannersm8@independent.co.uk
802,Oran,Alecock,oalecockm9@statcounter.com
803,Drucy,Erwin,derwinma@reference.com
804,Starlene,Grieswood,sgrieswoodmb@smugmug.com
805,Nertie,Killwick,nkillwickmc@ca.gov
806,Siusan,Dabel,sdabelmd@wikispaces.com
807,Reta,Bleier,rbleierme@reference.com
808,Keefer,Asp,kaspmf@reuters.com
809,Pattin,Cornish,pcornishmg@house.gov
810,Waverly,Mundow,wmundowmh@exblog.jp
811,Rickie,Beasley,rbeasleymi@unesco.org
812,Anet,Shird,ashirdmj@wix.com
813,Lizabeth,Iacopo,liacopomk@disqus.com
814,Cos,Klossmann,cklossmannml@ustream.tv
815,Kora,Bucksey,kbuckseymm@techcrunch.com
816,Bertine,Krook,bkrookmn@mapquest.com
817,Darlleen,Brumen,dbrumenmo@upenn.edu
818,Ilyssa,Worsall,iworsallmp@bbb.org
819,Derk,Gagg,dgaggmq@uiuc.edu
820,Nickolaus,Mallock,nmallockmr@admin.ch
821,Cristy,Padfield,cpadfieldms@comcast.net
822,Rochella,Vass,rvassmt@yellowpages.com
823,De witt,Ghion,dghionmu@vinaora.com
824,Lazarus,Lusk,lluskmv@elpais.com
825,Jules,Heinl,jheinlmw@mtv.com
826,Chandler,Milan,cmilanmx@cdc.gov
827,Ronni,Dobbin,rdobbinmy@ucoz.com
828,Gustavo,Joret,gjoretmz@hp.com
829,Daniel,Durram,ddurramn0@seesaa.net
830,Justen,Flanne,jflannen1@google.com.au
831,Jeffrey,McFall,jmcfalln2@phoca.cz
832,Aloysia,Boughton,aboughtonn3@columbia.edu
833,Ariadne,Iggalden,aiggaldenn4@google.es
834,Rycca,Storey,rstoreyn5@netlog.com
835,Sallyanne,Swatridge,sswatridgen6@mac.com
836,Reinaldos,Fasset,rfassetn7@opensource.org
837,Alric,Deverose,adeverosen8@slideshare.net
838,Ellen,Burfield,eburfieldn9@upenn.edu
839,Brooke,Borer,bborerna@sina.com.cn
840,Butch,Meake,bmeakenb@opera.com
841,Inglis,Gillivrie,igillivrienc@prweb.com
842,Melisenda,Kepe,mkepend@pagesperso-orange.fr
843,Chet,Sheers,csheersne@nbcnews.com
844,Milo,McKeady,mmckeadynf@si.edu
845,Kariotta,Bricket,kbricketng@ucla.edu
846,Allie,Hovel,ahovelnh@hexun.com
847,Wyndham,Collen,wcollenni@seattletimes.com
848,Devon,Gleeton,dgleetonnj@amazon.com
849,Brit,Feild,bfeildnk@salon.com
850,Pooh,Bulfoy,pbulfoynl@weather.com
851,Delbert,Stichall,dstichallnm@cloudflare.com
852,Bobine,Dykes,bdykesnn@ftc.gov
853,Eydie,Rawlinson,erawlinsonno@google.es
854,Brigida,Lamball,blamballnp@free.fr
855,Chico,Toogood,ctoogoodnq@delicious.com
856,Dudley,Isles,dislesnr@gnu.org
857,Alexander,Brettor,abrettorns@shop-pro.jp
858,Bliss,Shrubshall,bshrubshallnt@cbc.ca
859,Bobbe,England,benglandnu@free.fr
860,Shae,Runnacles,srunnaclesnv@webs.com
861,Laurella,Gilardone,lgilardonenw@ihg.com
862,Page,Janku,pjankunx@dagondesign.com
863,Desi,Tissington,dtissingtonny@discovery.com
864,Hetti,Abrahams,habrahamsnz@usnews.com
865,Cosimo,Bravey,cbraveyo0@angelfire.com
866,Maegan,Knottley,mknottleyo1@latimes.com
867,Boonie,Mallabar,bmallabaro2@example.com
868,Ailsun,O'Luby,aolubyo3@virginia.edu
869,Osborne,Coxen,ocoxeno4@archive.org
870,Mortie,Diloway,mdilowayo5@gov.uk
871,Kaylil,Middleton,kmiddletono6@japanpost.jp
872,Tally,Lanon,tlanono7@ft.com
873,Claudius,Oakenfall,coakenfallo8@sourceforge.net
874,Suzi,Knight,sknighto9@phoca.cz
875,Jervis,Purnell,jpurnelloa@homestead.com
876,Nester,Challice,nchalliceob@booking.com
877,Allx,Gantlett,agantlettoc@moonfruit.com
878,Krisha,Circuitt,kcircuittod@ycombinator.com
879,Ninnette,Kollatsch,nkollatschoe@mapquest.com
880,Ethel,Barthelme,ebarthelmeof@time.com
881,Bernadina,Mueller,bmuellerog@skype.com
882,Fayth,Lemmens,flemmensoh@wordpress.org
883,Ange,McInerney,amcinerneyoi@ucsd.edu
884,Britt,Van Bruggen,bvanbruggenoj@mysql.com
885,Anna-maria,Burdin,aburdinok@infoseek.co.jp
886,Gilli,English,genglishol@free.fr
887,Frans,Haps,fhapsom@imageshack.us
888,Ronnie,Sloegrave,rsloegraveon@ed.gov
889,Meyer,Feechum,mfeechumoo@joomla.org
890,Justine,Fylan,jfylanop@youtu.be
891,Joshia,Yakunikov,jyakunikovoq@jimdo.com
892,Arron,Kenwright,akenwrightor@photobucket.com
893,Tommi,Daton,tdatonos@google.es
894,Pippa,Baraclough,pbaracloughot@biblegateway.com
895,Louis,Ciccone,lcicconeou@furl.net
896,Vivienne,Allchin,vallchinov@linkedin.com
897,Pammie,Denisyuk,pdenisyukow@whitehouse.gov
898,Fania,Elderton,feldertonox@icio.us
899,Forrester,Leete,fleeteoy@unicef.org
900,Alaster,Olliar,aolliaroz@toplist.cz
901,Benedetta,Berthe,bberthep0@vk.com
902,Kevin,Cheek,kcheekp1@addthis.com
903,Harley,Yanez,hyanezp2@webmd.com
904,Dix,Danshin,ddanshinp3@cisco.com
905,Louise,MacQueen,lmacqueenp4@w3.org
906,Christina,Landis,clandisp5@yandex.ru
907,Gael,Gadney,ggadneyp6@amazon.co.uk
908,Stafani,Weatherhogg,sweatherhoggp7@istockphoto.com
909,Sarajane,Vango,svangop8@businessinsider.com
910,Krystal,Capenor,kcapenorp9@admin.ch
911,Sharyl,Dowdle,sdowdlepa@google.com.br
912,Peria,Van der Krui,pvanderkruipb@g.co
913,Christyna,Lyngsted,clyngstedpc@homestead.com
914,Merline,Edards,medardspd@nytimes.com
915,Amalita,Spincke,aspinckepe@goodreads.com
916,Linette,Jurasz,ljuraszpf@vk.com
917,Sigvard,Planks,splankspg@thetimes.co.uk
918,Melosa,Ellery,melleryph@ehow.com
919,Dorette,Thalmann,dthalmannpi@dailymail.co.uk
920,Mirabel,Lerven,mlervenpj@cnet.com
921,Isaiah,Swigg,iswiggpk@stumbleupon.com
922,Lora,Bernardeau,lbernardeaupl@mayoclinic.com
923,Carter,Bernaldo,cbernaldopm@unicef.org
924,Bobina,Maun,bmaunpn@liveinternet.ru
925,Elmer,Caig,ecaigpo@furl.net
926,Stella,Matveichev,smatveichevpp@nydailynews.com
927,Sharyl,Hempel,shempelpq@skyrock.com
928,Lanie,Romanet,lromanetpr@weather.com
929,Ketti,Frogley,kfrogleyps@techcrunch.com
930,Dennet,Placide,dplacidept@time.com
931,Margery,Farnon,mfarnonpu@bigcartel.com
932,Sandy,Sterte,sstertepv@howstuffworks.com
933,Hyacintha,Beuscher,hbeuscherpw@spotify.com
934,Gaile,Agates,gagatespx@twitpic.com
935,Jo-ann,Boor,jboorpy@fotki.com
936,Aloise,O'Hanley,aohanleypz@uol.com.br
937,Sauncho,Fairhurst,sfairhurstq0@marketwatch.com
938,Doralyn,Doudny,ddoudnyq1@geocities.jp
939,Abe,Egentan,aegentanq2@taobao.com
940,Kaleb,Jebb,kjebbq3@cdbaby.com
941,Carolina,Strooband,cstroobandq4@alexa.com
942,Weidar,Evequot,wevequotq5@addtoany.com
943,Aylmar,Rupert,arupertq6@forbes.com
944,Joice,Ballister,jballisterq7@comsenz.com
945,Irene,Benz,ibenzq8@boston.com
946,Florence,Petrelli,fpetrelliq9@goodreads.com
947,Paolina,Oldershaw,poldershawqa@bloglines.com
948,Vladimir,Hovard,vhovardqb@vistaprint.com
949,Letta,Kohnemann,lkohnemannqc@biblegateway.com
950,Ferrell,Crockley,fcrockleyqd@statcounter.com
951,Rand,Luckhurst,rluckhurstqe@opensource.org
952,Fraser,Baird,fbairdqf@wikia.com
953,Lars,Gotliffe,lgotliffeqg@cnbc.com
954,Jany,de Amaya,jdeamayaqh@icio.us
955,Dannie,Sapsford,dsapsfordqi@soundcloud.com
956,Gay,Ouchterlony,gouchterlonyqj@economist.com
957,Calley,Frise,cfriseqk@simplemachines.org
958,Oberon,Vice,oviceql@bigcartel.com
959,Andreana,Loachhead,aloachheadqm@over-blog.com
960,Derick,Bellingham,dbellinghamqn@clickbank.net
961,Oliy,Canniffe,ocanniffeqo@prweb.com
962,Cordell,Caret,ccaretqp@discovery.com
963,Auria,Yeandel,ayeandelqq@vimeo.com
964,Bell,Grenville,bgrenvilleqr@kickstarter.com
965,Sandro,Runnicles,srunniclesqs@topsy.com
966,Fara,Purchall,fpurchallqt@vimeo.com
967,Georgina,Swepson,gswepsonqu@skype.com
968,Julieta,Towe,jtoweqv@tumblr.com
969,Jamaal,Borlease,jborleaseqw@ezinearticles.com
970,Merv,McIlwrick,mmcilwrickqx@usa.gov
971,Gusella,Dooley,gdooleyqy@wired.com
972,Berkie,Sertin,bsertinqz@google.pl
973,Giavani,Waterstone,gwaterstoner0@geocities.jp
974,Verla,Twizell,vtwizellr1@blogspot.com
975,Harmon,Ellice,hellicer2@yellowbook.com
976,Roi,Woodley,rwoodleyr3@cbslocal.com
977,Karly,McTurk,kmcturkr4@yandex.ru
978,Leonidas,Hegley,lhegleyr5@economist.com
979,Dagny,Sherrott,dsherrottr6@homestead.com
980,Rudyard,Kitchen,rkitchenr7@google.nl
981,Nanny,Durnford,ndurnfordr8@discuz.net
982,Brit,Saffrin,bsaffrinr9@icq.com
983,Brandy,Hedan,bhedanra@house.gov
984,Wilhelmine,Ranns,wrannsrb@omniture.com
985,Elora,Simenon,esimenonrc@geocities.com
986,Arvie,Lovart,alovartrd@exblog.jp
987,Chico,Walwood,cwalwoodre@stumbleupon.com
988,Nicky,Lagde,nlagderf@deliciousdays.com
989,Jacob,Boate,jboaterg@epa.gov
990,Genna,Arlt,garltrh@nymag.com
991,Christyna,Joslow,cjoslowri@blog.com
992,Benedicto,Binyon,bbinyonrj@thetimes.co.uk
993,Jacinda,Black,jblackrk@apache.org
994,Sky,Gummory,sgummoryrl@last.fm
995,Ingelbert,Gregorio,igregoriorm@ask.com
996,Brandy,Wyvill,bwyvillrn@pen.io
997,Olin,Van den Velde,ovandenveldero@uol.com.br
998,Ashla,Vowells,avowellsrp@digg.com
999,Dame,Dingwall,ddingwallrq@home.pl
1000,Jacquelynn,Wem,jwemrr@vistaprint.com
